[{"model": "base.country", "pk": 1, "fields": {"name": "Cuba", "acronym": "CUB", "active": true}}, {"model": "base.country", "pk": 2, "fields": {"name": "México", "acronym": "MEX", "active": true}}, {"model": "base.country", "pk": 3, "fields": {"name": "España", "acronym": "ESP", "active": true}}, {"model": "base.entity", "pk": 1, "fields": {"name": "Citmatel", "active": true}}, {"model": "base.entity", "pk": 2, "fields": {"name": "CUJAE", "active": true}}, {"model": "base.entity", "pk": 3, "fields": {"name": "Segurmatica", "active": true}}, {"model": "base.logoentity", "pk": 1, "fields": {"date": "2023-03-01T17:50:29.984", "logo1": "logo/images.png", "logo2": "logo/logoSIG.jpg"}}, {"model": "base.logoentity", "pk": 2, "fields": {"date": "2023-03-02T09:09:16.637", "logo1": "logo/images.png", "logo2": "logo/logoSIG.jpg"}}, {"model": "base.logoentity", "pk": 3, "fields": {"date": "2023-03-02T10:34:37.643", "logo1": "logo/images.png", "logo2": "logo/logoSIG.jpg"}}, {"model": "base.logoentity", "pk": 4, "fields": {"date": "2023-03-22T08:00:00.026", "logo1": "logo/Citmatel_logo.png", "logo2": "logo/logoSIG.jpg"}}, {"model": "base.logoentity", "pk": 5, "fields": {"date": "2023-03-22T08:06:13.217", "logo1": "logo/logo1.jpg", "logo2": "logo/logo2.png"}}, {"model": "base.client", "pk": 1, "fields": {"name": "Abel Creagh Ramirez"}}, {"model": "base.client", "pk": 2, "fields": {"name": "Dayana Alexa Lee"}}, {"model": "base.client", "pk": 3, "fields": {"name": "Pedro Perico Loco"}}, {"model": "base.client", "pk": 4, "fields": {"name": "Luis Enrique Sosa"}}, {"model": "base.position", "pk": 1, "fields": {"name": "Director", "active": true}}, {"model": "base.position", "pk": 2, "fields": {"name": "Subdirector", "active": true}}, {"model": "base.position", "pk": 3, "fields": {"name": "Informatico", "active": true}}, {"model": "base.position", "pk": 4, "fields": {"name": "Tecnico", "active": true}}, {"model": "base.position", "pk": 5, "fields": {"name": "Director de la Unidad de Desarrollo e Innovacion", "active": true}}, {"model": "base.position", "pk": 6, "fields": {"name": "Directora Comercial", "active": true}}, {"model": "base.position", "pk": 7, "fields": {"name": "Director de UEB Desarrollo de software", "active": true}}, {"model": "base.position", "pk": 8, "fields": {"name": "Especialista UEB Servicios Web", "active": true}}, {"model": "base.position", "pk": 9, "fields": {"name": "Director UEB Proyectos de Redes y Sistemas de Computo", "active": true}}, {"model": "base.position", "pk": 10, "fields": {"name": "Director UEB Sistemas Gerenciales", "active": true}}, {"model": "base.position", "pk": 11, "fields": {"name": "Directora UEB Operaciones de Internet", "active": true}}, {"model": "base.position", "pk": 12, "fields": {"name": "Director UEB Servicios web", "active": true}}, {"model": "base.position", "pk": 13, "fields": {"name": "Director Desarrollo Organizacional", "active": true}}, {"model": "base.position", "pk": 14, "fields": {"name": "Director Administrativo", "active": true}}, {"model": "base.position", "pk": 15, "fields": {"name": "Director Contable Financiero", "active": true}}, {"model": "base.position", "pk": 16, "fields": {"name": "Director UEB Proyectos Multimedia", "active": true}}, {"model": "base.position", "pk": 17, "fields": {"name": "Jefe del Departamento de Gestion de la Calidad  y auditoria", "active": true}}, {"model": "base.employee", "pk": 2, "fields": {"prefix": "M. Sc.", "first_name": "Yaroslav", "last_name": "Borrego Morejon", "identification": "83092709283", "position": 5, "active": true}}, {"model": "base.employee", "pk": 3, "fields": {"prefix": "Ing.", "first_name": "Dania", "last_name": "Molina Pimienta", "identification": "80999999999", "position": 6, "active": true}}, {"model": "base.employee", "pk": 4, "fields": {"prefix": "Dr. C.", "first_name": "Osvaldo", "last_name": "Perez Garcia", "identification": "78903209834", "position": 7, "active": true}}, {"model": "base.employee", "pk": 5, "fields": {"prefix": "", "first_name": "Carlos", "last_name": "Ferro Suarez", "identification": "77890965432", "position": 8, "active": true}}, {"model": "base.employee", "pk": 6, "fields": {"prefix": "Ing.", "first_name": "Guillermo", "last_name": "Lastre Olazabal", "identification": "82314134567", "position": 9, "active": true}}, {"model": "base.employee", "pk": 7, "fields": {"prefix": "Ing.", "first_name": "Janet", "last_name": "Beatriz Carratge", "identification": "83231245678", "position": 10, "active": true}}, {"model": "base.employee", "pk": 8, "fields": {"prefix": "Ing.", "first_name": "Elena", "last_name": "Grimany Lopez", "identification": "79031209876", "position": 11, "active": true}}, {"model": "base.employee", "pk": 9, "fields": {"prefix": "Ing.", "first_name": "Fidel", "last_name": "Santana Cruz", "identification": "74081234556", "position": 12, "active": true}}, {"model": "base.employee", "pk": 10, "fields": {"prefix": "M.Sc.", "first_name": "Martha", "last_name": "Francis Songel", "identification": "77341263388", "position": 13, "active": true}}, {"model": "base.employee", "pk": 11, "fields": {"prefix": "", "first_name": "Julio", "last_name": "Santana Rojas", "identification": "75092390998", "position": 14, "active": true}}, {"model": "base.employee", "pk": 12, "fields": {"prefix": "Lic.", "first_name": "Diego", "last_name": "Diego Hernandez Palenzuela", "identification": "75120398745", "position": 15, "active": true}}, {"model": "base.employee", "pk": 13, "fields": {"prefix": "Lic.", "first_name": "Jorge", "last_name": "Acosta Ezcurra", "identification": "82030487346", "position": 16, "active": true}}, {"model": "base.employee", "pk": 14, "fields": {"prefix": "M. Sc.", "first_name": "Mercedes", "last_name": "Sosa Hernandez", "identification": "72023948577", "position": 17, "active": true}}, {"model": "base.infoemployee", "pk": 2, "fields": {"employee": 2, "is_reserve": false, "init_date_reserve": "2022-12-20", "finish_date_reserve": "2022-12-20", "image_reserve": "", "spreadsheet_reserve": "", "is_executive": false, "init_date_executive": "2022-12-20", "finish_date_executive": "2022-12-20", "image_executive": "", "spreadsheet_executive": ""}}, {"model": "base.infoemployee", "pk": 3, "fields": {"employee": 3, "is_reserve": false, "init_date_reserve": "2022-12-20", "finish_date_reserve": "2022-12-20", "image_reserve": "", "spreadsheet_reserve": "", "is_executive": false, "init_date_executive": "2022-12-20", "finish_date_executive": "2022-12-20", "image_executive": "", "spreadsheet_executive": ""}}, {"model": "base.infoemployee", "pk": 4, "fields": {"employee": 4, "is_reserve": false, "init_date_reserve": "2022-12-20", "finish_date_reserve": "2022-12-20", "image_reserve": "", "spreadsheet_reserve": "", "is_executive": false, "init_date_executive": "2022-12-20", "finish_date_executive": "2022-12-20", "image_executive": "", "spreadsheet_executive": ""}}, {"model": "base.infoemployee", "pk": 5, "fields": {"employee": 5, "is_reserve": false, "init_date_reserve": "2022-12-20", "finish_date_reserve": "2022-12-20", "image_reserve": "", "spreadsheet_reserve": "", "is_executive": false, "init_date_executive": "2022-12-20", "finish_date_executive": "2022-12-20", "image_executive": "", "spreadsheet_executive": ""}}, {"model": "base.infoemployee", "pk": 6, "fields": {"employee": 6, "is_reserve": false, "init_date_reserve": "2022-12-20", "finish_date_reserve": "2022-12-20", "image_reserve": "", "spreadsheet_reserve": "", "is_executive": false, "init_date_executive": "2022-12-20", "finish_date_executive": "2022-12-20", "image_executive": "", "spreadsheet_executive": ""}}, {"model": "base.infoemployee", "pk": 7, "fields": {"employee": 7, "is_reserve": false, "init_date_reserve": "2022-12-20", "finish_date_reserve": "2022-12-20", "image_reserve": "", "spreadsheet_reserve": "", "is_executive": false, "init_date_executive": "2022-12-20", "finish_date_executive": "2022-12-20", "image_executive": "", "spreadsheet_executive": ""}}, {"model": "base.infoemployee", "pk": 8, "fields": {"employee": 8, "is_reserve": false, "init_date_reserve": "2022-12-20", "finish_date_reserve": "2022-12-20", "image_reserve": "", "spreadsheet_reserve": "", "is_executive": false, "init_date_executive": "2022-12-20", "finish_date_executive": "2022-12-20", "image_executive": "", "spreadsheet_executive": ""}}, {"model": "base.infoemployee", "pk": 9, "fields": {"employee": 9, "is_reserve": false, "init_date_reserve": "2022-12-20", "finish_date_reserve": "2022-12-20", "image_reserve": "", "spreadsheet_reserve": "", "is_executive": false, "init_date_executive": "2022-12-20", "finish_date_executive": "2022-12-20", "image_executive": "", "spreadsheet_executive": ""}}, {"model": "base.infoemployee", "pk": 10, "fields": {"employee": 10, "is_reserve": false, "init_date_reserve": "2022-12-20", "finish_date_reserve": "2022-12-20", "image_reserve": "", "spreadsheet_reserve": "", "is_executive": false, "init_date_executive": "2022-12-20", "finish_date_executive": "2022-12-20", "image_executive": "", "spreadsheet_executive": ""}}, {"model": "base.infoemployee", "pk": 11, "fields": {"employee": 11, "is_reserve": false, "init_date_reserve": "2022-12-21", "finish_date_reserve": "2022-12-21", "image_reserve": "", "spreadsheet_reserve": "", "is_executive": false, "init_date_executive": "2022-12-21", "finish_date_executive": "2022-12-21", "image_executive": "", "spreadsheet_executive": ""}}, {"model": "base.infoemployee", "pk": 12, "fields": {"employee": 12, "is_reserve": false, "init_date_reserve": "2022-12-22", "finish_date_reserve": "2022-12-22", "image_reserve": "", "spreadsheet_reserve": "", "is_executive": false, "init_date_executive": "2022-12-22", "finish_date_executive": "2022-12-22", "image_executive": "", "spreadsheet_executive": ""}}, {"model": "base.infoemployee", "pk": 13, "fields": {"employee": 13, "is_reserve": false, "init_date_reserve": "2022-12-22", "finish_date_reserve": "2022-12-22", "image_reserve": "", "spreadsheet_reserve": "", "is_executive": false, "init_date_executive": "2022-12-22", "finish_date_executive": "2022-12-22", "image_executive": "", "spreadsheet_executive": ""}}, {"model": "base.infoemployee", "pk": 14, "fields": {"employee": 14, "is_reserve": false, "init_date_reserve": "2022-12-22", "finish_date_reserve": "2022-12-22", "image_reserve": "", "spreadsheet_reserve": "", "is_executive": false, "init_date_executive": "2022-12-22", "finish_date_executive": "2022-12-22", "image_executive": "", "spreadsheet_executive": ""}}, {"model": "base.process", "pk": 1, "fields": {"order": 1, "name": "Gestión Integrada", "abbreviation": "P00", "responsible": 5, "edition": "00", "revision": "00", "active": true}}, {"model": "base.process", "pk": 2, "fields": {"order": 2, "name": "Gestión de la Innovación", "abbreviation": "P01", "responsible": 5, "edition": "00", "revision": "00", "active": true}}, {"model": "base.process", "pk": 3, "fields": {"order": 3, "name": "Gestión Comercial", "abbreviation": "P02", "responsible": 5, "edition": "00", "revision": "00", "active": true}}, {"model": "base.process", "pk": 4, "fields": {"order": 4, "name": "Producción de software", "abbreviation": "P03", "responsible": 5, "edition": "00", "revision": "00", "active": true}}, {"model": "base.process", "pk": 5, "fields": {"order": 5, "name": "Servicio de  Registro de dominio", "abbreviation": "P04", "responsible": 5, "edition": "00", "revision": "00", "active": true}}, {"model": "base.process", "pk": 6, "fields": {"order": 6, "name": "Servicio mantenimiento y reparación de computadoras", "abbreviation": "P05", "responsible": 5, "edition": "00", "revision": "00", "active": true}}, {"model": "base.process", "pk": 8, "fields": {"order": 7, "name": "Comercialización y Servicio postventa a Sistemas Gerenciales", "abbreviation": "P06", "responsible": 5, "edition": "00", "revision": "00", "active": true}}, {"model": "base.process", "pk": 9, "fields": {"order": 8, "name": "Servicios de conectividad", "abbreviation": "P07", "responsible": 5, "edition": "00", "revision": "00", "active": true}}, {"model": "base.process", "pk": 10, "fields": {"order": 9, "name": "Servicio de proyectos de redes de computadoras", "abbreviation": "P08", "responsible": 5, "edition": "00", "revision": "00", "active": true}}, {"model": "base.process", "pk": 11, "fields": {"order": 10, "name": "Servicio cursos en línea", "abbreviation": "P09", "responsible": 5, "edition": "00", "revision": "00", "active": true}}, {"model": "base.process", "pk": 12, "fields": {"order": 11, "name": "Servicio de comercio electrónico", "abbreviation": "P10", "responsible": 5, "edition": "00", "revision": "00", "active": true}}, {"model": "base.process", "pk": 13, "fields": {"order": 12, "name": "Gestión de Recursos Humanos", "abbreviation": "P11", "responsible": 5, "edition": "00", "revision": "00", "active": true}}, {"model": "base.process", "pk": 14, "fields": {"order": 13, "name": "Gestión de Aseguramiento            de los recursos Generales", "abbreviation": "P12", "responsible": 5, "edition": "00", "revision": "00", "active": true}}, {"model": "base.process", "pk": 15, "fields": {"order": 14, "name": "Gestión Contable Financiera", "abbreviation": "P13", "responsible": 5, "edition": "00", "revision": "00", "active": true}}, {"model": "base.process", "pk": 16, "fields": {"order": 15, "name": "Gestión de la información", "abbreviation": "P14", "responsible": 5, "edition": "00", "revision": "00", "active": true}}, {"model": "base.process", "pk": 17, "fields": {"order": 16, "name": "Servicio de reproducción", "abbreviation": "P15", "responsible": 5, "edition": "00", "revision": "00", "active": true}}, {"model": "base.process", "pk": 18, "fields": {"order": 17, "name": "Servicio de Video Conferencias", "abbreviation": "P16", "responsible": 5, "edition": "00", "revision": "00", "active": true}}, {"model": "base.process", "pk": 19, "fields": {"order": 18, "name": "Manuales", "abbreviation": "M", "responsible": 5, "edition": "00", "revision": "00", "active": true}}, {"model": "base.process", "pk": 21, "fields": {"order": 19, "name": "Planes", "abbreviation": "P", "responsible": 5, "edition": "00", "revision": "00", "active": true}}, {"model": "base.procedure", "pk": 1, "fields": {"process": 1, "name": "Regulaciones en   la elaboración y control  de los documentos del SGI", "abbreviation": "01", "edition": "00", "revision": "00", "file": "images/procedure/6c198613-7ab1-4562-af2f-3c26f18bbf02.pdf", "active": true}}, {"model": "base.procedure", "pk": 2, "fields": {"process": 1, "name": "Para la gestión de los procesos", "abbreviation": "03", "edition": "00", "revision": "00", "file": "images/procedure/f9f5ff12-4fa5-45de-aa25-b77a7204f113.pdf", "active": true}}, {"model": "base.procedure", "pk": 3, "fields": {"process": 1, "name": "Para el control de productos no conformes. Acciones correctivas y preventivas", "abbreviation": "04", "edition": "00", "revision": "00", "file": "", "active": true}}, {"model": "base.procedure", "pk": 4, "fields": {"process": 1, "name": "Para la gestión de  auditorías internas", "abbreviation": "05", "edition": "00", "revision": "00", "file": "images/procedure/d801be6a-5cff-47c1-b385-0cb6f5b6c866.docx", "active": true}}, {"model": "base.procedure", "pk": 5, "fields": {"process": 1, "name": "Para la Gestión del cliente.", "abbreviation": "06", "edition": "00", "revision": "00", "file": "", "active": true}}, {"model": "base.procedure", "pk": 6, "fields": {"process": 1, "name": "Sobre los grupos de mejora continua del SIG", "abbreviation": "07", "edition": "00", "revision": "00", "file": "", "active": true}}, {"model": "base.procedure", "pk": 7, "fields": {"process": 1, "name": "Para la Identificación de los impactos ambientales y su posibles alternativas  de solución", "abbreviation": "09", "edition": "00", "revision": "00", "file": "", "active": true}}, {"model": "base.procedure", "pk": 8, "fields": {"process": 1, "name": "Procedimiento general para las  salvas de información", "abbreviation": "10", "edition": "00", "revision": "00", "file": "", "active": true}}, {"model": "base.procedure", "pk": 13, "fields": {"process": 2, "name": "Para  el control de los proyectos", "abbreviation": "01", "edition": "00", "revision": "00", "file": "", "active": true}}, {"model": "base.procedure", "pk": 14, "fields": {"process": 2, "name": "Sobre las regulaciones para el  uso de Internet y/o correo electrónico", "abbreviation": "02", "edition": "00", "revision": "00", "file": "", "active": true}}, {"model": "base.procedure", "pk": 15, "fields": {"process": 2, "name": "Para gestión y entrega de los certificados de los cursos impartidos por CITMATEL", "abbreviation": "04", "edition": "00", "revision": "00", "file": "", "active": true}}, {"model": "base.procedure", "pk": 16, "fields": {"process": 2, "name": "Para la entrega de producto terminados a Comercial", "abbreviation": "05", "edition": "00", "revision": "00", "file": "", "active": true}}, {"model": "base.procedure", "pk": 17, "fields": {"process": 3, "name": "Sobre las regulaciones para la facturación a clientes", "abbreviation": "01", "edition": "00", "revision": "00", "file": "", "active": true}}, {"model": "base.procedure", "pk": 18, "fields": {"process": 3, "name": "Sobre las regulaciones para la actividad de contratación a clientes y proveedores de contenidos para el CE", "abbreviation": "02", "edition": "00", "revision": "00", "file": "", "active": true}}, {"model": "base.procedure", "pk": 19, "fields": {"process": 3, "name": "Sobre las regulaciones para  la entrada de información  a la base  datos de clientes de CITMATEL", "abbreviation": "03", "edition": "00", "revision": "00", "file": "", "active": true}}, {"model": "base.procedure", "pk": 20, "fields": {"process": 3, "name": "Sobre las regulaciones para la  cancelación de facturas", "abbreviation": "04", "edition": "00", "revision": "00", "file": "", "active": true}}, {"model": "base.procedure", "pk": 21, "fields": {"process": 3, "name": "Procedimiento de mercadotecnia", "abbreviation": "08", "edition": "00", "revision": "00", "file": "", "active": true}}, {"model": "base.procedure", "pk": 22, "fields": {"process": 3, "name": "Sobre la Comercialización de productos en los puntos de ventas de CITMATEL", "abbreviation": "09", "edition": "00", "revision": "00", "file": "", "active": true}}, {"model": "base.procedure", "pk": 23, "fields": {"process": 4, "name": "Para las regulaciones para la  evaluación de productos de software", "abbreviation": "01", "edition": "00", "revision": "00", "file": "", "active": true}}, {"model": "base.procedure", "pk": 24, "fields": {"process": 4, "name": "Sobre los créditos institucionales", "abbreviation": "02", "edition": "00", "revision": "00", "file": "", "active": true}}, {"model": "base.procedure", "pk": 25, "fields": {"process": 5, "name": "Sobre las regulaciones del CUBANIC", "abbreviation": "01", "edition": "00", "revision": "00", "file": "", "active": true}}, {"model": "base.procedure", "pk": 26, "fields": {"process": 5, "name": "Sobre el funcionamiento del servicio CUBANIC", "abbreviation": "02", "edition": "00", "revision": "00", "file": "", "active": true}}, {"model": "base.procedure", "pk": 27, "fields": {"process": 6, "name": "Manual de instrucciones  para el desarrollo del servicio de mantenimiento y reparación de computadoras y periféricos", "abbreviation": "01", "edition": "00", "revision": "00", "file": "", "active": true}}, {"model": "base.procedure", "pk": 28, "fields": {"process": 6, "name": "Para la entrega de residuos sólidos generados  por CITMATEL", "abbreviation": "02", "edition": "00", "revision": "00", "file": "", "active": true}}, {"model": "base.procedure", "pk": 29, "fields": {"process": 6, "name": "Para el control de piezas de garantía de clientes proveedores en el servicio de postventa a terceros", "abbreviation": "03", "edition": "00", "revision": "00", "file": "", "active": true}}, {"model": "base.procedure", "pk": 30, "fields": {"process": 8, "name": "Sobre las regulaciones para la certificación de los cursos de RODAS XXI", "abbreviation": "01", "edition": "00", "revision": "00", "file": "", "active": true}}, {"model": "base.procedure", "pk": 31, "fields": {"process": 9, "name": "Para la instalación y solución de problemas de servicios de conectividad", "abbreviation": "01", "edition": "00", "revision": "00", "file": "", "active": true}}, {"model": "base.procedure", "pk": 32, "fields": {"process": 9, "name": "Para el hospedaje de aplicaciones y sitios  en los centros de datos  de CITMATEL", "abbreviation": "02", "edition": "00", "revision": "00", "file": "", "active": true}}, {"model": "base.procedure", "pk": 33, "fields": {"process": 9, "name": "Procedimiento para activar el servicio de DNS de respaldo", "abbreviation": "04", "edition": "00", "revision": "00", "file": "", "active": true}}, {"model": "base.procedure", "pk": 34, "fields": {"process": 9, "name": "Procedimiento para la asignación de Direcciones IP a las entidades del CITMA", "abbreviation": "05", "edition": "00", "revision": "00", "file": "", "active": true}}, {"model": "base.procedure", "pk": 35, "fields": {"process": 10, "name": "Procedimiento para la realización de proyectos de instalaciones  de redes", "abbreviation": "01", "edition": "00", "revision": "00", "file": "", "active": true}}, {"model": "base.procedure", "pk": 36, "fields": {"process": 11, "name": "Establecer las regulaciones para la organización del servicio de cursos en línea", "abbreviation": "01", "edition": "00", "revision": "00", "file": "", "active": true}}, {"model": "base.procedure", "pk": 37, "fields": {"process": 12, "name": "Sobre la organización del servicio de comercio electrónico", "abbreviation": "01", "edition": "00", "revision": "00", "file": "", "active": true}}, {"model": "base.procedure", "pk": 38, "fields": {"process": 12, "name": "Sobre  las regulaciones  para el procesamiento de las compras fraudulentas(charge back) que se produzcan en las transacciones de CE", "abbreviation": "02", "edition": "00", "revision": "00", "file": "", "active": true}}, {"model": "base.procedure", "pk": 39, "fields": {"process": 14, "name": "Gestión de compras realizadas por CITMATEL", "abbreviation": "01", "edition": "00", "revision": "00", "file": "", "active": true}}, {"model": "base.procedure", "pk": 40, "fields": {"process": 14, "name": "Sobre la evaluación  de proveedores", "abbreviation": "02", "edition": "00", "revision": "00", "file": "", "active": true}}, {"model": "base.procedure", "pk": 41, "fields": {"process": 13, "name": "Para la evaluación del desempeño del personal", "abbreviation": "01", "edition": "00", "revision": "00", "file": "", "active": true}}, {"model": "base.procedure", "pk": 42, "fields": {"process": 13, "name": "Para el reclutamiento, capacitación y selección del personal", "abbreviation": "02", "edition": "00", "revision": "00", "file": "", "active": true}}, {"model": "base.procedure", "pk": 43, "fields": {"process": 13, "name": "Para la determinación de  las necesidades de capacitación y su evaluación", "abbreviation": "03", "edition": "00", "revision": "00", "file": "", "active": true}}, {"model": "base.procedure", "pk": 44, "fields": {"process": 13, "name": "Para la investigación de accidentes del trabajo e incidentes en la empresa", "abbreviation": "04", "edition": "00", "revision": "00", "file": "", "active": true}}, {"model": "base.procedure", "pk": 45, "fields": {"process": 13, "name": "Para la identificación y evaluación de los riegos de Seguridad y Salud", "abbreviation": "05", "edition": "00", "revision": "00", "file": "", "active": true}}, {"model": "base.procedure", "pk": 46, "fields": {"process": 13, "name": "Para la ejecución de  trabajos peligrosos  en  altura", "abbreviation": "06", "edition": "00", "revision": "00", "file": "", "active": true}}, {"model": "base.procedure", "pk": 47, "fields": {"process": 13, "name": "Para el control operacional de la organización", "abbreviation": "07", "edition": "00", "revision": "00", "file": "", "active": true}}, {"model": "base.procedure", "pk": 48, "fields": {"process": 13, "name": "Acciones en la lucha contra el Tabaquismo", "abbreviation": "08", "edition": "00", "revision": "00", "file": "", "active": true}}, {"model": "base.procedure", "pk": 49, "fields": {"process": 13, "name": "Programa de acogida a los nuevos trabajadores", "abbreviation": "09", "edition": "00", "revision": "00", "file": "", "active": true}}, {"model": "base.procedure", "pk": 50, "fields": {"process": 14, "name": "Sobre los deberes funcionales de los agentes de seguridad  interna", "abbreviation": "04", "edition": "00", "revision": "00", "file": "", "active": true}}, {"model": "base.procedure", "pk": 51, "fields": {"process": 14, "name": "Sobre normas de consumo de materiales de oficina", "abbreviation": "07", "edition": "00", "revision": "00", "file": "", "active": true}}, {"model": "base.procedure", "pk": 52, "fields": {"process": 14, "name": "Para el mantenimiento del parque automotor. CITMATEL", "abbreviation": "12", "edition": "00", "revision": "00", "file": "", "active": true}}, {"model": "base.procedure", "pk": 53, "fields": {"process": 14, "name": "Sobre la organización del trabajo de los Grupos Electrógenos de Emergencia. GEE", "abbreviation": "03", "edition": "00", "revision": "00", "file": "", "active": true}}, {"model": "base.procedure", "pk": 54, "fields": {"process": 15, "name": "Manual de Procedimientos generales para la actividad Contable Financiera", "abbreviation": "01", "edition": "00", "revision": "00", "file": "", "active": true}}, {"model": "base.procedure", "pk": 55, "fields": {"process": 15, "name": "Para el uso del modelo Ficha de Reporte de Operaciones", "abbreviation": "02", "edition": "00", "revision": "00", "file": "", "active": true}}, {"model": "base.procedure", "pk": 56, "fields": {"process": 15, "name": "Para la solicitud y cancelación de cheques", "abbreviation": "03", "edition": "00", "revision": "00", "file": "", "active": true}}, {"model": "base.procedure", "pk": 57, "fields": {"process": 15, "name": "Sobre el establecimiento de la  orden de trabajo", "abbreviation": "04", "edition": "00", "revision": "00", "file": "", "active": true}}, {"model": "base.procedure", "pk": 58, "fields": {"process": 15, "name": "Sobre el  establecimiento de la Ficha de Costo", "abbreviation": "06", "edition": "00", "revision": "00", "file": "", "active": true}}, {"model": "base.procedure", "pk": 59, "fields": {"process": 15, "name": "Sobre el establecimiento del Sistema de Costo de CITMATEL", "abbreviation": "08", "edition": "00", "revision": "00", "file": "", "active": true}}, {"model": "base.procedure", "pk": 60, "fields": {"process": 15, "name": "Para la tramitación  de expedientes de baja y traslados de equipos, herramientas y  muebles", "abbreviation": "09", "edition": "00", "revision": "00", "file": "", "active": true}}, {"model": "base.procedure", "pk": 61, "fields": {"process": 15, "name": "Procedimiento para las regulaciones de gastos en  ferias y misiones comerciales en el exterior", "abbreviation": "11", "edition": "00", "revision": "00", "file": "", "active": true}}, {"model": "base.procedure", "pk": 62, "fields": {"process": 15, "name": "Procedimiento para la gestión de productos ociosos y de lento movimiento", "abbreviation": "12", "edition": "00", "revision": "00", "file": "", "active": true}}, {"model": "base.procedure", "pk": 63, "fields": {"process": 16, "name": "Establece el flujo de información de la empresa", "abbreviation": "01", "edition": "00", "revision": "00", "file": "", "active": true}}, {"model": "base.procedure", "pk": 64, "fields": {"process": 16, "name": "Identificación y actualización del marco legal aplicable a la organización y evaluación de su cumplimiento", "abbreviation": "02", "edition": "00", "revision": "00", "file": "", "active": true}}, {"model": "base.procedure", "pk": 65, "fields": {"process": 17, "name": "Sobre la reproducción  de obras en soporte Digital", "abbreviation": "01", "edition": "00", "revision": "00", "file": "", "active": true}}, {"model": "base.procedure", "pk": 66, "fields": {"process": 18, "name": "Buenas prácticas para el servicio de Video Conferencias", "abbreviation": "01", "edition": "00", "revision": "00", "file": "", "active": true}}, {"model": "base.procedure", "pk": 67, "fields": {"process": 19, "name": "Manual del Sistema Integrado de Gestión", "abbreviation": "SIG", "edition": "00", "revision": "00", "file": "", "active": true}}, {"model": "base.procedure", "pk": 68, "fields": {"process": 19, "name": "Manual Gestion Ambiental", "abbreviation": "GA", "edition": "00", "revision": "00", "file": "", "active": true}}, {"model": "base.procedure", "pk": 69, "fields": {"process": 21, "name": "Plan de Seguridad Informática", "abbreviation": "SI", "edition": "00", "revision": "00", "file": "", "active": true}}, {"model": "base.procedure", "pk": 70, "fields": {"process": 21, "name": "Plan de Prevención", "abbreviation": "P", "edition": "00", "revision": "00", "file": "", "active": true}}, {"model": "base.procedure", "pk": 71, "fields": {"process": 21, "name": "Plan de reducción de desastres", "abbreviation": "RD", "edition": "00", "revision": "00", "file": "", "active": true}}, {"model": "base.procedure", "pk": 72, "fields": {"process": 3, "name": "pruebas al sistema", "abbreviation": "07", "edition": "01", "revision": "07", "file": "images/procedure/dfd316d8-305b-4a74-9c51-409af39e5b7e.png", "active": true}}, {"model": "complaints.wayofreception", "pk": 1, "fields": {"name": "Correo"}}, {"model": "complaints.complaint", "pk": 1, "fields": {"number": "2301250001", "created_date": "2023-01-25T05:05:43.443", "reception_date": "2023-01-25", "deadline": "2023-01-26", "client": "Abel Creagh Ramírez", "process": 1, "way_of_reception": 1, "reason": "Quejarse", "status": 1}}, {"model": "complaints.complaint", "pk": 2, "fields": {"number": "2301250002", "created_date": "2023-01-25T11:58:35.347", "reception_date": "2023-01-03", "deadline": "2024-05-07", "client": "Aber 2", "process": 5, "way_of_reception": 1, "reason": "hjhjhjhjhj", "status": 3}}, {"model": "complaints.complaint", "pk": 5, "fields": {"number": "2304080001", "created_date": "2023-04-08T09:34:21.366", "reception_date": "2023-04-08", "deadline": "2024-04-08", "client": "Leonel Messi", "process": 1, "way_of_reception": 1, "reason": "El modulo Inventario del sistema Rodas XXI v4 no funciona", "status": 1}}, {"model": "complaints.complaint", "pk": 6, "fields": {"number": "2304080002", "created_date": "2023-04-08T10:09:34.383", "reception_date": "2023-04-08", "deadline": "2025-04-08", "client": "Cristiano Ronaldo", "process": 2, "way_of_reception": 1, "reason": "El modulo de Recuros humanos no funciona", "status": 1}}, {"model": "complaints.complaint", "pk": 7, "fields": {"number": "2304080003", "created_date": "2023-04-08T10:10:06.980", "reception_date": "2023-04-08", "deadline": "2025-04-08", "client": "Vinicius Jr", "process": 3, "way_of_reception": 1, "reason": "erfg", "status": 2}}, {"model": "complaints.complaint", "pk": 8, "fields": {"number": "2304080004", "created_date": "2023-04-08T10:10:32.637", "reception_date": "2023-04-08", "deadline": "2024-04-08", "client": "Karim Benzema", "process": 3, "way_of_reception": 1, "reason": "fg", "status": 3}}, {"model": "complaints.complaint", "pk": 35, "fields": {"number": "2303240003", "created_date": "2023-03-24T11:32:49.088", "reception_date": "2023-03-07", "deadline": null, "client": "Aber 2", "process": 3, "way_of_reception": 1, "reason": "ddfdffh565656t56tygvh", "status": 1}}, {"model": "complaints.complaintaction", "pk": 21, "fields": {"complaint": 5, "date": "2023-04-10", "action": "Acción 1"}}, {"model": "complaints.complaintaction", "pk": 22, "fields": {"complaint": 5, "date": "2023-04-19", "action": "Acción 2"}}, {"model": "complaints.complaintaction", "pk": 40, "fields": {"complaint": 35, "date": "2023-03-24", "action": "yyfyfgyughbj  rdsrtdytdtydfty ffygfygyggygygygyh"}}, {"model": "complaints.complaintaction", "pk": 41, "fields": {"complaint": 2, "date": "2023-01-27", "action": "Resolver"}}, {"model": "complaints.complaintaction", "pk": 42, "fields": {"complaint": 2, "date": "2023-01-24", "action": "reuni'on con el quejoso"}}, {"model": "effectiveness.indicator", "pk": 1, "fields": {"name": "Indicador del P00", "active": true}}, {"model": "effectiveness.indicator", "pk": 2, "fields": {"name": "Del indicador 2", "active": true}}, {"model": "effectiveness.indicator", "pk": 3, "fields": {"name": "Del indicador 3", "active": true}}, {"model": "effectiveness.indicator", "pk": 4, "fields": {"name": "Del indicador 4", "active": true}}, {"model": "effectiveness.indicator", "pk": 5, "fields": {"name": "Del indicador 5", "active": true}}, {"model": "effectiveness.indicatormeasurer", "pk": 6, "fields": {"indicator": 2, "name": "Algún Incumplimiento mayor.", "qualification": 1}}, {"model": "effectiveness.indicatormeasurer", "pk": 7, "fields": {"indicator": 2, "name": "Mas de 2 incumplimientos menores", "qualification": 2}}, {"model": "effectiveness.indicatormeasurer", "pk": 8, "fields": {"indicator": 2, "name": "Quedan No Conformidades sin resolver después de la segunda fecha  propuesta.", "qualification": 1}}, {"model": "effectiveness.indicatormeasurer", "pk": 9, "fields": {"indicator": 2, "name": "El 85 % de las No Conformidades son resueltas.", "qualification": 3}}, {"model": "effectiveness.indicatormeasurer", "pk": 10, "fields": {"indicator": 2, "name": "Se resuelven las No Conformidades detectadas antes ó en la fecha acordada.", "qualification": 5}}, {"model": "effectiveness.indicatormeasurer", "pk": 11, "fields": {"indicator": 3, "name": "Se encuentran sin resolver menos del 69% de las quejas y/o reclamaciones de  clientes", "qualification": 1}}, {"model": "effectiveness.indicatormeasurer", "pk": 12, "fields": {"indicator": 3, "name": "Se encuentran resueltas las quejas y/o reclamaciones de clientes entre un 85%  y 75%", "qualification": 3}}, {"model": "effectiveness.indicatormeasurer", "pk": 13, "fields": {"indicator": 3, "name": "Se encuentran resueltas las quejas y/o reclamaciones de clientes entre un 85 y  99%", "qualification": 4}}, {"model": "effectiveness.indicatormeasurer", "pk": 14, "fields": {"indicator": 3, "name": "Se encuentran resueltas las quejas y/o reclamaciones de clientes al 100%", "qualification": 5}}, {"model": "effectiveness.indicatormeasurer", "pk": 15, "fields": {"indicator": 4, "name": "Menos del 75% del resto de los procesos son eficaces", "qualification": 1}}, {"model": "effectiveness.indicatormeasurer", "pk": 16, "fields": {"indicator": 4, "name": "Son eficaces entre un 84 y 76% del resto de los procesos declarados en el  Sistema Integrado de Gestión", "qualification": 3}}, {"model": "effectiveness.indicatormeasurer", "pk": 17, "fields": {"indicator": 4, "name": "Son eficaces entre un 85 y 99% del resto de los procesos declarados en el  Sistema de Integrado de Gestión", "qualification": 4}}, {"model": "effectiveness.indicatormeasurer", "pk": 18, "fields": {"indicator": 4, "name": "Son eficaces el 100% del resto de los procesos declarados en el Sistema  Integrado de Gestión", "qualification": 5}}, {"model": "effectiveness.indicatormeasurer", "pk": 19, "fields": {"indicator": 5, "name": "El índice global de satisfacción del cliente se encuentra por debajo de 3", "qualification": 1}}, {"model": "effectiveness.indicatormeasurer", "pk": 20, "fields": {"indicator": 5, "name": "El índice global de satisfacción del cliente se encuentra entre 3.1 y 3.5", "qualification": 3}}, {"model": "effectiveness.indicatormeasurer", "pk": 21, "fields": {"indicator": 5, "name": "El índice global de satisfacción del cliente se encuentra 3.6 y 4.4", "qualification": 4}}, {"model": "effectiveness.indicatormeasurer", "pk": 22, "fields": {"indicator": 5, "name": "El índice global de satisfacción del cliente se encuentra entre 4.5 y 5", "qualification": 5}}, {"model": "effectiveness.indicatormeasurer", "pk": 23, "fields": {"indicator": 1, "name": "Cumpimiento de los objetivos", "qualification": 5}}, {"model": "effectiveness.indicatormeasurer", "pk": 24, "fields": {"indicator": 1, "name": "Gestion de quejas", "qualification": 5}}, {"model": "effectiveness.effectiveness", "pk": 1, "fields": {"process": 1, "year": 2022}}, {"model": "effectiveness.effectiveness", "pk": 2, "fields": {"process": 2, "year": 2022}}, {"model": "effectiveness.effectiveness", "pk": 3, "fields": {"process": 4, "year": 2022}}, {"model": "effectiveness.effectiveness", "pk": 36, "fields": {"process": 3, "year": 2023}}, {"model": "effectiveness.effectiveness", "pk": 37, "fields": {"process": 6, "year": 2020}}, {"model": "effectiveness.effectivenesssemester", "pk": 1, "fields": {"effectiveness": 1, "semester": 1}}, {"model": "effectiveness.effectivenesssemester", "pk": 2, "fields": {"effectiveness": 1, "semester": 2}}, {"model": "effectiveness.effectivenesssemester", "pk": 3, "fields": {"effectiveness": 2, "semester": 1}}, {"model": "effectiveness.effectivenesssemester", "pk": 4, "fields": {"effectiveness": 3, "semester": 2}}, {"model": "effectiveness.effectivenesssemester", "pk": 32, "fields": {"effectiveness": 2, "semester": 2}}, {"model": "effectiveness.effectivenesssemester", "pk": 33, "fields": {"effectiveness": 37, "semester": 2}}, {"model": "effectiveness.effectivenesssemester", "pk": 37, "fields": {"effectiveness": 36, "semester": 1}}, {"model": "effectiveness.effectivenesssemester", "pk": 38, "fields": {"effectiveness": 37, "semester": 1}}, {"model": "effectiveness.effectivenesssemester", "pk": 39, "fields": {"effectiveness": 36, "semester": 2}}, {"model": "effectiveness.effectivenesssemester", "pk": 40, "fields": {"effectiveness": 3, "semester": 1}}, {"model": "effectiveness.semestermeasurer", "pk": 12, "fields": {"semester": 1, "measurer": 14}}, {"model": "effectiveness.semestermeasurer", "pk": 13, "fields": {"semester": 1, "measurer": 17}}, {"model": "effectiveness.semestermeasurer", "pk": 14, "fields": {"semester": 1, "measurer": 22}}, {"model": "effectiveness.semestermeasurer", "pk": 15, "fields": {"semester": 1, "measurer": 9}}, {"model": "effectiveness.semestermeasurer", "pk": 21, "fields": {"semester": 2, "measurer": 14}}, {"model": "effectiveness.semestermeasurer", "pk": 22, "fields": {"semester": 2, "measurer": 17}}, {"model": "effectiveness.semestermeasurer", "pk": 23, "fields": {"semester": 2, "measurer": 22}}, {"model": "effectiveness.semestermeasurer", "pk": 25, "fields": {"semester": 2, "measurer": 10}}, {"model": "effectiveness.semestermeasurer", "pk": 27, "fields": {"semester": 3, "measurer": 10}}, {"model": "effectiveness.semestermeasurer", "pk": 28, "fields": {"semester": 3, "measurer": 12}}, {"model": "effectiveness.semestermeasurer", "pk": 29, "fields": {"semester": 3, "measurer": 18}}, {"model": "effectiveness.semestermeasurer", "pk": 30, "fields": {"semester": 3, "measurer": 21}}, {"model": "effectiveness.semestermeasurer", "pk": 31, "fields": {"semester": 4, "measurer": 8}}, {"model": "effectiveness.semestermeasurer", "pk": 32, "fields": {"semester": 4, "measurer": 17}}, {"model": "effectiveness.semestermeasurer", "pk": 33, "fields": {"semester": 4, "measurer": 14}}, {"model": "effectiveness.semestermeasurer", "pk": 34, "fields": {"semester": 4, "measurer": 20}}, {"model": "effectiveness.semestermeasurer", "pk": 64, "fields": {"semester": 37, "measurer": 10}}, {"model": "effectiveness.semestermeasurer", "pk": 65, "fields": {"semester": 37, "measurer": 13}}, {"model": "effectiveness.semestermeasurer", "pk": 66, "fields": {"semester": 38, "measurer": 14}}, {"model": "effectiveness.semestermeasurer", "pk": 67, "fields": {"semester": 39, "measurer": 10}}, {"model": "effectiveness.semestermeasurer", "pk": 68, "fields": {"semester": 40, "measurer": 22}}, {"model": "effectiveness.semestermeasurer", "pk": 83, "fields": {"semester": 32, "measurer": 14}}, {"model": "effectiveness.semestermeasurer", "pk": 84, "fields": {"semester": 32, "measurer": 18}}, {"model": "effectiveness.semestermeasurer", "pk": 85, "fields": {"semester": 32, "measurer": 22}}, {"model": "effectiveness.semestermeasurer", "pk": 86, "fields": {"semester": 32, "measurer": 9}}, {"model": "effectiveness.semestermeasurer", "pk": 87, "fields": {"semester": 33, "measurer": 14}}, {"model": "effectiveness.semestermeasurer", "pk": 88, "fields": {"semester": 33, "measurer": 18}}, {"model": "effectiveness.semestermeasurer", "pk": 89, "fields": {"semester": 33, "measurer": 9}}, {"model": "effectiveness.semestermeasurer", "pk": 90, "fields": {"semester": 33, "measurer": 22}}, {"model": "effectiveness.semestermeasurer", "pk": 91, "fields": {"semester": 33, "measurer": 24}}, {"model": "iproperty.productclassification", "pk": 1, "fields": {"number": 9, "name": "Softwares"}}, {"model": "iproperty.productclassification", "pk": 2, "fields": {"number": 42, "name": "Desarrollo de software y aplicaciones informaticas"}}, {"model": "iproperty.productclassification", "pk": 3, "fields": {"number": 32, "name": "AA"}}, {"model": "iproperty.figurativeelementclassification", "pk": 1, "fields": {"number": "17.7.8", "name": "X"}}, {"model": "iproperty.industrialproperty", "pk": 1, "fields": {"number": "2212200001", "name": "REDCIS", "created_date": "2022-12-20T01:00:53.418", "modality": 1, "country": 1, "application_date": "2022-12-01", "application_number": "3213-5154", "status": 1, "certificate_number": "3213-5154", "type_legal_document": "DOCUMENTO DE MARCA", "grant_date": "2022-12-13", "expiration_date": "2022-12-20", "granted_resolution": "6465/6456", "observation": "ALGUNA OBSERVACIÓN IMPORTANTE", "file": "images/industrialproperty/e8983939-5b33-4a7a-bad6-070d9228be1d.png", "products": [1], "patents": [], "figurative_elements": [1], "drawings": []}}, {"model": "licenses.license", "pk": 1, "fields": {"number": "2301250001", "name": "Antivirus", "entity": 3, "created_date": "2023-01-25T05:02:18.449", "grant_date": "2023-01-25", "expiration_date": "2023-01-26", "process": 21, "responsible": 14, "associated_process": null, "status": 1, "observation": "", "file": "", "active": true}}, {"model": "licenses.license", "pk": 2, "fields": {"number": "2301250002", "name": "Documento", "entity": 2, "created_date": "2023-01-25T11:49:19.684", "grant_date": "2022-05-01", "expiration_date": "2025-01-25", "process": 17, "responsible": 9, "associated_process": 10, "status": 3, "observation": "", "file": "images/license/64fa99eb-0558-4793-b52b-b1af1ac012b0.jpg", "active": true}}, {"model": "licenses.license", "pk": 35, "fields": {"number": "2303220003", "name": "Abel 13", "entity": 2, "created_date": "2023-03-22T08:28:35.302", "grant_date": "2023-03-22", "expiration_date": "2023-03-24", "process": 4, "responsible": 5, "associated_process": 10, "status": 1, "observation": "", "file": "", "active": true}}, {"model": "licenses.license", "pk": 36, "fields": {"number": "2303240004", "name": "pruebas al sistemartrtrtrtr223232232323", "entity": 2, "created_date": "2023-03-24T12:20:58.092", "grant_date": "2023-01-02", "expiration_date": "2023-03-24", "process": 17, "responsible": 11, "associated_process": null, "status": 1, "observation": "", "file": "images/license/660749d2-1ec3-4ffd-b411-f964656c605d.jpg", "active": true}}]